{"cameraMode":{"drawMode":0,"name":"Shaded","section":"Shading Mode"},"sceneLighting":false,"audioPlay":false,"sceneViewState":{"m_AlwaysRefresh":false,"showFog":false,"showSkybox":false,"showFlares":false,"showImageEffects":false,"showParticleSystems":false,"showVisualEffectGraphs":true,"m_FxEnabled":true},"in2DMode":false,"pivot":{"x":0.017257966101169587,"y":0.7642598748207092,"z":0.07638587057590485},"rotation":{"x":-0.012604229152202607,"y":0.9870601892471314,"z":-0.11040382832288742,"w":-0.11830161511898041},"size":3.2329318523406984,"orthographic":false}