{"cameraMode":{"drawMode":0,"name":"Shaded","section":"Shading Mode"},"sceneLighting":true,"audioPlay":false,"sceneViewState":{"m_AlwaysRefresh":false,"showFog":true,"showSkybox":true,"showFlares":true,"showImageEffects":true,"showParticleSystems":true,"showVisualEffectGraphs":true,"m_FxEnabled":true},"in2DMode":false,"pivot":{"x":127.29087829589844,"y":6.417061805725098,"z":47.5743293762207},"rotation":{"x":-0.06413254141807556,"y":-0.041025709360837939,"z":0.00333032407797873,"w":-0.9976722598075867},"size":6.6397199630737309,"orthographic":false}